participant_id,smwc1_filename,smwc1_path
sub-ON01802,sub-ON01802_smwc1.nii,C:\NIMH_VBM_final_for_analysis\sub-ON01802_smwc1.nii
sub-ON04111,sub-ON04111_smwc1.nii,C:\NIMH_VBM_final_for_analysis\sub-ON04111_smwc1.nii
sub-ON06421,sub-ON06421_smwc1.nii,C:\NIMH_VBM_final_for_analysis\sub-ON06421_smwc1.nii
sub-ON08710,sub-ON08710_smwc1.nii,C:\NIMH_VBM_final_for_analysis\sub-ON08710_smwc1.nii
sub-ON08760,sub-ON08760_smwc1.nii,C:\NIMH_VBM_final_for_analysis\sub-ON08760_smwc1.nii
sub-ON09540,sub-ON09540_smwc1.nii,C:\NIMH_VBM_final_for_analysis\sub-ON09540_smwc1.nii
sub-ON09681,sub-ON09681_smwc1.nii,C:\NIMH_VBM_final_for_analysis\sub-ON09681_smwc1.nii
sub-ON09760,sub-ON09760_smwc1.nii,C:\NIMH_VBM_final_for_analysis\sub-ON09760_smwc1.nii
sub-ON09766,sub-ON09766_smwc1.nii,C:\NIMH_VBM_final_for_analysis\sub-ON09766_smwc1.nii
sub-ON33221,sub-ON33221_smwc1.nii,C:\NIMH_VBM_final_for_analysis\sub-ON33221_smwc1.nii
sub-ON39384,sub-ON39384_smwc1.nii,C:\NIMH_VBM_final_for_analysis\sub-ON39384_smwc1.nii
sub-ON43210,sub-ON43210_smwc1.nii,C:\NIMH_VBM_final_for_analysis\sub-ON43210_smwc1.nii
sub-ON51111,sub-ON51111_smwc1.nii,C:\NIMH_VBM_final_for_analysis\sub-ON51111_smwc1.nii
sub-ON52220,sub-ON52220_smwc1.nii,C:\NIMH_VBM_final_for_analysis\sub-ON52220_smwc1.nii
sub-ON53213,sub-ON53213_smwc1.nii,C:\NIMH_VBM_final_for_analysis\sub-ON53213_smwc1.nii
sub-ON62200,sub-ON62200_smwc1.nii,C:\NIMH_VBM_final_for_analysis\sub-ON62200_smwc1.nii
sub-ON63221,sub-ON63221_smwc1.nii,C:\NIMH_VBM_final_for_analysis\sub-ON63221_smwc1.nii
sub-ON64410,sub-ON64410_smwc1.nii,C:\NIMH_VBM_final_for_analysis\sub-ON64410_smwc1.nii
sub-ON65232,sub-ON65232_smwc1.nii,C:\NIMH_VBM_final_for_analysis\sub-ON65232_smwc1.nii
sub-ON65403,sub-ON65403_smwc1.nii,C:\NIMH_VBM_final_for_analysis\sub-ON65403_smwc1.nii
sub-ON65412,sub-ON65412_smwc1.nii,C:\NIMH_VBM_final_for_analysis\sub-ON65412_smwc1.nii
sub-ON66243,sub-ON66243_smwc1.nii,C:\NIMH_VBM_final_for_analysis\sub-ON66243_smwc1.nii
sub-ON66401,sub-ON66401_smwc1.nii,C:\NIMH_VBM_final_for_analysis\sub-ON66401_smwc1.nii
sub-ON66452,sub-ON66452_smwc1.nii,C:\NIMH_VBM_final_for_analysis\sub-ON66452_smwc1.nii
sub-ON73200,sub-ON73200_smwc1.nii,C:\NIMH_VBM_final_for_analysis\sub-ON73200_smwc1.nii
sub-ON74320,sub-ON74320_smwc1.nii,C:\NIMH_VBM_final_for_analysis\sub-ON74320_smwc1.nii
sub-ON75100,sub-ON75100_smwc1.nii,C:\NIMH_VBM_final_for_analysis\sub-ON75100_smwc1.nii
sub-ON75413,sub-ON75413_smwc1.nii,C:\NIMH_VBM_final_for_analysis\sub-ON75413_smwc1.nii
sub-ON76144,sub-ON76144_smwc1.nii,C:\NIMH_VBM_final_for_analysis\sub-ON76144_smwc1.nii
sub-ON76320,sub-ON76320_smwc1.nii,C:\NIMH_VBM_final_for_analysis\sub-ON76320_smwc1.nii
sub-ON76525,sub-ON76525_smwc1.nii,C:\NIMH_VBM_final_for_analysis\sub-ON76525_smwc1.nii
sub-ON77753,sub-ON77753_smwc1.nii,C:\NIMH_VBM_final_for_analysis\sub-ON77753_smwc1.nii
sub-ON83320,sub-ON83320_smwc1.nii,C:\NIMH_VBM_final_for_analysis\sub-ON83320_smwc1.nii
sub-ON84201,sub-ON84201_smwc1.nii,C:\NIMH_VBM_final_for_analysis\sub-ON84201_smwc1.nii
sub-ON85010,sub-ON85010_smwc1.nii,C:\NIMH_VBM_final_for_analysis\sub-ON85010_smwc1.nii
sub-ON85301,sub-ON85301_smwc1.nii,C:\NIMH_VBM_final_for_analysis\sub-ON85301_smwc1.nii
sub-ON85330,sub-ON85330_smwc1.nii,C:\NIMH_VBM_final_for_analysis\sub-ON85330_smwc1.nii
sub-ON87362,sub-ON87362_smwc1.nii,C:\NIMH_VBM_final_for_analysis\sub-ON87362_smwc1.nii
sub-ON87455,sub-ON87455_smwc1.nii,C:\NIMH_VBM_final_for_analysis\sub-ON87455_smwc1.nii
sub-ON87550,sub-ON87550_smwc1.nii,C:\NIMH_VBM_final_for_analysis\sub-ON87550_smwc1.nii
sub-ON87616,sub-ON87616_smwc1.nii,C:\NIMH_VBM_final_for_analysis\sub-ON87616_smwc1.nii
sub-ON87631,sub-ON87631_smwc1.nii,C:\NIMH_VBM_final_for_analysis\sub-ON87631_smwc1.nii
sub-ON87642,sub-ON87642_smwc1.nii,C:\NIMH_VBM_final_for_analysis\sub-ON87642_smwc1.nii
sub-ON87655,sub-ON87655_smwc1.nii,C:\NIMH_VBM_final_for_analysis\sub-ON87655_smwc1.nii
sub-ON87725,sub-ON87725_smwc1.nii,C:\NIMH_VBM_final_for_analysis\sub-ON87725_smwc1.nii
sub-ON87743,sub-ON87743_smwc1.nii,C:\NIMH_VBM_final_for_analysis\sub-ON87743_smwc1.nii
sub-ON87777,sub-ON87777_smwc1.nii,C:\NIMH_VBM_final_for_analysis\sub-ON87777_smwc1.nii
sub-ON88512,sub-ON88512_smwc1.nii,C:\NIMH_VBM_final_for_analysis\sub-ON88512_smwc1.nii
sub-ON88555,sub-ON88555_smwc1.nii,C:\NIMH_VBM_final_for_analysis\sub-ON88555_smwc1.nii
sub-ON88700,sub-ON88700_smwc1.nii,C:\NIMH_VBM_final_for_analysis\sub-ON88700_smwc1.nii
sub-ON88753,sub-ON88753_smwc1.nii,C:\NIMH_VBM_final_for_analysis\sub-ON88753_smwc1.nii
sub-ON88762,sub-ON88762_smwc1.nii,C:\NIMH_VBM_final_for_analysis\sub-ON88762_smwc1.nii
sub-ON92220,sub-ON92220_smwc1.nii,C:\NIMH_VBM_final_for_analysis\sub-ON92220_smwc1.nii
sub-ON93222,sub-ON93222_smwc1.nii,C:\NIMH_VBM_final_for_analysis\sub-ON93222_smwc1.nii
sub-ON94110,sub-ON94110_smwc1.nii,C:\NIMH_VBM_final_for_analysis\sub-ON94110_smwc1.nii
sub-ON94131,sub-ON94131_smwc1.nii,C:\NIMH_VBM_final_for_analysis\sub-ON94131_smwc1.nii
sub-ON95214,sub-ON95214_smwc1.nii,C:\NIMH_VBM_final_for_analysis\sub-ON95214_smwc1.nii
sub-ON95520,sub-ON95520_smwc1.nii,C:\NIMH_VBM_final_for_analysis\sub-ON95520_smwc1.nii
sub-ON96240,sub-ON96240_smwc1.nii,C:\NIMH_VBM_final_for_analysis\sub-ON96240_smwc1.nii
sub-ON96252,sub-ON96252_smwc1.nii,C:\NIMH_VBM_final_for_analysis\sub-ON96252_smwc1.nii
sub-ON96353,sub-ON96353_smwc1.nii,C:\NIMH_VBM_final_for_analysis\sub-ON96353_smwc1.nii
sub-ON96440,sub-ON96440_smwc1.nii,C:\NIMH_VBM_final_for_analysis\sub-ON96440_smwc1.nii
sub-ON96510,sub-ON96510_smwc1.nii,C:\NIMH_VBM_final_for_analysis\sub-ON96510_smwc1.nii
sub-ON96530,sub-ON96530_smwc1.nii,C:\NIMH_VBM_final_for_analysis\sub-ON96530_smwc1.nii
sub-ON96555,sub-ON96555_smwc1.nii,C:\NIMH_VBM_final_for_analysis\sub-ON96555_smwc1.nii
sub-ON96602,sub-ON96602_smwc1.nii,C:\NIMH_VBM_final_for_analysis\sub-ON96602_smwc1.nii
sub-ON97427,sub-ON97427_smwc1.nii,C:\NIMH_VBM_final_for_analysis\sub-ON97427_smwc1.nii
sub-ON97503,sub-ON97503_smwc1.nii,C:\NIMH_VBM_final_for_analysis\sub-ON97503_smwc1.nii
sub-ON97515,sub-ON97515_smwc1.nii,C:\NIMH_VBM_final_for_analysis\sub-ON97515_smwc1.nii
sub-ON97526,sub-ON97526_smwc1.nii,C:\NIMH_VBM_final_for_analysis\sub-ON97526_smwc1.nii
sub-ON97604,sub-ON97604_smwc1.nii,C:\NIMH_VBM_final_for_analysis\sub-ON97604_smwc1.nii
sub-ON97654,sub-ON97654_smwc1.nii,C:\NIMH_VBM_final_for_analysis\sub-ON97654_smwc1.nii
sub-ON97765,sub-ON97765_smwc1.nii,C:\NIMH_VBM_final_for_analysis\sub-ON97765_smwc1.nii
sub-ON98130,sub-ON98130_smwc1.nii,C:\NIMH_VBM_final_for_analysis\sub-ON98130_smwc1.nii
sub-ON98175,sub-ON98175_smwc1.nii,C:\NIMH_VBM_final_for_analysis\sub-ON98175_smwc1.nii
sub-ON98362,sub-ON98362_smwc1.nii,C:\NIMH_VBM_final_for_analysis\sub-ON98362_smwc1.nii
sub-ON98502,sub-ON98502_smwc1.nii,C:\NIMH_VBM_final_for_analysis\sub-ON98502_smwc1.nii
sub-ON98664,sub-ON98664_smwc1.nii,C:\NIMH_VBM_final_for_analysis\sub-ON98664_smwc1.nii
sub-ON98745,sub-ON98745_smwc1.nii,C:\NIMH_VBM_final_for_analysis\sub-ON98745_smwc1.nii
sub-ON98826,sub-ON98826_smwc1.nii,C:\NIMH_VBM_final_for_analysis\sub-ON98826_smwc1.nii
sub-ON99547,sub-ON99547_smwc1.nii,C:\NIMH_VBM_final_for_analysis\sub-ON99547_smwc1.nii
sub-ON99633,sub-ON99633_smwc1.nii,C:\NIMH_VBM_final_for_analysis\sub-ON99633_smwc1.nii
sub-ON99703,sub-ON99703_smwc1.nii,C:\NIMH_VBM_final_for_analysis\sub-ON99703_smwc1.nii
sub-ON99731,sub-ON99731_smwc1.nii,C:\NIMH_VBM_final_for_analysis\sub-ON99731_smwc1.nii
